{
  "ie": {
    "6": 0,
    "7": 0.2426510292822024,
    "8": 0.2871001051544634,
    "9": 0.04817211227844144,
    "10": 0.1294820905844125,
    "11": 29.11635199272445,
    "5.5": 0
  },
  "edge": {
    "12": 0.012798529732187687,
    "13": 0.06358529353252683,
    "14": 0.3428035506209797,
    "15": 0.8010970168341874,
    "16": 2.90575886471073,
    "17": 0.03796928731799278
  },
  "firefox": {
    "2": 0.00003789350031735807,
    "3": 0.0004547220038082968,
    "4": 0.00003789350031735807,
    "5": 0,
    "6": 0.00003789350031735807,
    "7": 0,
    "8": 0.0002273610019041484,
    "9": 0.00015157400126943228,
    "10": 0.0002273610019041484,
    "11": 0.0002652545022215065,
    "12": 0.0004926155041256549,
    "13": 0.0001136805009520742,
    "14": 0.00003789350031735807,
    "15": 0.00007578700063471614,
    "16": 0.0008336570069818774,
    "17": 0.000530509004443013,
    "18": 0,
    "19": 0.00003789350031735807,
    "20": 0.00030314800253886456,
    "21": 0,
    "22": 0.0003410415028562226,
    "23": 0.0002652545022215065,
    "24": 0.00018946750158679033,
    "25": 0.00030314800253886456,
    "26": 0.00030314800253886456,
    "27": 0.0009852310082513098,
    "28": 0.0005684025047603711,
    "29": 0.0002273610019041484,
    "30": 0.0014778465123769645,
    "31": 0.001856781515550545,
    "32": 0.0007199765060298032,
    "33": 0.0004168285034909387,
    "34": 0.0008715505072992354,
    "35": 0.01116910921854129,
    "36": 0.004964048541573906,
    "37": 0.0021978230184067677,
    "38": 0.00901865307553122,
    "39": 0.004168285034909387,
    "40": 0.0025009710209456322,
    "41": 0.0025009710209456322,
    "42": 0.031584232514517946,
    "43": 0.007806061065375762,
    "44": 0.0035240955295143,
    "45": 0.06324425202967061,
    "46": 0.0025767580215803484,
    "47": 0.020831951799467594,
    "48": 0.04575640163320986,
    "49": 0.015005826125673792,
    "50": 0.013679553614566261,
    "51": 0.01470267812313493,
    "52": 0.41393912409174016,
    "53": 0.013291145236313341,
    "54": 0.02450762133025133,
    "55": 0.01996040129216836,
    "56": 0.04810579865288606,
    "57": 0.8748282950766869,
    "58": 1.6045907975634477,
    "59": 0.547532659460586,
    "60": 0.003940924033005239,
    "61": 0.0001136805009520742,
    "3.5": 0.0001136805009520742,
    "3.6": 0.0004547220038082968
  },
  "chrome": {
    "4": 0,
    "5": 0,
    "6": 0,
    "7": 0,
    "8": 0,
    "9": 0.00007578700063471614,
    "10": 0.0009473375079339515,
    "11": 0.0033346280279275098,
    "12": 0.00007578700063471614,
    "13": 0,
    "14": 0,
    "15": 0.0001136805009520742,
    "16": 0,
    "17": 0.00015157400126943228,
    "18": 0.00007578700063471614,
    "19": 0.00018946750158679033,
    "20": 0.0004926155041256549,
    "21": 0.0004926155041256549,
    "22": 0.0002273610019041484,
    "23": 0.00018946750158679033,
    "24": 0.000530509004443013,
    "25": 0.0004547220038082968,
    "26": 0.003031480025388645,
    "27": 0.002917799524436571,
    "28": 0.001061018008886026,
    "29": 0.0006820830057124452,
    "30": 0.0015915270133290387,
    "31": 0.005418770545382204,
    "32": 0.0048124745403044745,
    "33": 0.0028041190234844968,
    "34": 0.0017052075142811127,
    "35": 0.0011746985098381,
    "36": 0.005115622542843339,
    "37": 0.0046987940393524,
    "38": 0.0021978230184067677,
    "39": 0.0056082380469689936,
    "40": 0.006896617057759167,
    "41": 0.006366108053316155,
    "42": 0.0012125920101554583,
    "43": 0.010496499587908185,
    "44": 0.025947574342310938,
    "45": 0.014352163245199365,
    "46": 0.01114068909330327,
    "47": 0.004888261540939191,
    "48": 0.016142631135194537,
    "49": 0.3551947252247558,
    "50": 0.011064902092668555,
    "51": 0.04375751949146922,
    "52": 0.04060288559004917,
    "53": 0.04173969059956991,
    "54": 0.04023342396195492,
    "55": 0.13346090811773512,
    "56": 0.14763307723642702,
    "57": 0.24647827281425555,
    "58": 0.18922119383472752,
    "59": 0.12927367633266704,
    "60": 0.26162619956611943,
    "61": 0.33365227029433775,
    "62": 0.8730094070614538,
    "63": 13.515294764065594,
    "64": 11.419206320635853,
    "65": 4.880976515503178,
    "66": 0.030883202758646824,
    "67": 0.0082228895688667,
    "68": 0
  },
  "safari": {
    "4": 0.0002652545022215065,
    "5": 0.005494557546016919,
    "6": 0.0015157400126943226,
    "7": 0.008753398573309713,
    "8": 0.02780435585786148,
    "9": 0.033137866027529626,
    "10": 0.09813469244687806,
    "11": 1.5084549872583106,
    "3.1": 0.00003789350031735807,
    "3.2": 0.00015157400126943228,
    "5.1": 0.007768167565058403,
    "6.1": 0.012230127227427315,
    "7.1": 0.007654487064106329,
    "9.1": 0.2063206358529353,
    "10.1": 0.4899440123532811,
    "11.1": 0.04790685777621993,
    "TP": 0
  },
  "opera": {
    "9": 0,
    "11": 0,
    "12": 0,
    "15": 0,
    "16": 0,
    "17": 0,
    "18": 0,
    "19": 0,
    "20": 0.00007578700063471614,
    "21": 0,
    "22": 0,
    "23": 0,
    "24": 0,
    "25": 0.00007578700063471614,
    "26": 0,
    "27": 0,
    "28": 0,
    "29": 0,
    "30": 0.00007578700063471614,
    "31": 0.00003789350031735807,
    "32": 0,
    "33": 0,
    "34": 0,
    "35": 0,
    "36": 0.0052671965441127705,
    "37": 0,
    "38": 0.00003789350031735807,
    "39": 0.00018946750158679033,
    "40": 0,
    "41": 0,
    "42": 0.00003789350031735807,
    "43": 0,
    "44": 0,
    "45": 0.0026146515218977064,
    "46": 0.000530509004443013,
    "47": 0.00018946750158679033,
    "48": 0.014626891122500213,
    "49": 0.029519036747221936,
    "50": 0.0923464602734016,
    "51": 0.051904622059701214,
    "52": 0.006820830057124451,
    "9.5-9.6": 0,
    "10.0-10.1": 0,
    "10.5": 0,
    "10.6": 0,
    "11.1": 0,
    "11.5": 0.00003789350031735807,
    "11.6": 0,
    "12.1": 0.0009852310082513098
  },
  "ios_saf": {
    "8": 0.005570344546651635,
    "3.2": 0.0004168285034909387,
    "4.0-4.1": 0,
    "4.2-4.3": 0.0006062960050777291,
    "5.0-5.1": 0.01037334571187677,
    "6.0-6.1": 0.013527979613296829,
    "7.0-7.1": 0.06996087496092233,
    "8.1-8.4": 0.07964266429200731,
    "9.0-9.2": 0.08586667171913338,
    "9.3": 0.4227209427902879,
    "10.0-10.2": 0.557100768290719,
    "10.3": 1.4463475402381607,
    "11.0-11.2": 7.953845716613459,
    "11.3": 0.10396081812067184
  },
  "op_mini": {
    "all": 0.043274377362422914
  },
  "android": {
    "3": 0.00015157400126943228,
    "4": 0.012078553226157883,
    "62": 1.688354380014968,
    "2.1": 0,
    "2.2": 0.0010989115092033838,
    "2.3": 0.003903030532687881,
    "4.1": 0.029462196496745897,
    "4.2-4.3": 0.04639111776352561,
    "4.4": 0.045140632253052794,
    "4.4.3-4.4.4": 0
  },
  "bb": {
    "7": 0.00030314800253886456,
    "10": 0.006745043056489736
  },
  "op_mob": {
    "10": 0.002463077520628274,
    "11": 0.002463077520628274,
    "12": 0.002463077520628274,
    "37": 0.002463077520628274,
    "11.1": 0.002463077520628274,
    "11.5": 0.002463077520628274,
    "12.1": 0.002463077520628274
  },
  "and_chr": {
    "64": 11.76905806231586
  },
  "and_ff": {
    "57": 0.14648679885182694
  },
  "ie_mob": {
    "10": 0,
    "11": 0
  },
  "and_uc": {
    "11.8": 0.03531674229577772
  },
  "samsung": {
    "4": 0,
    "5": 0,
    "6.2": 0
  },
  "and_qq": {
    "1.2": 0
  },
  "baidu": {
    "7.12": 0
  }
}